timestamp_s,elapsed_s,v_real,w_real,brake,distance_m
34.351,14.994,3.1,-1.3,1,2.1977347644217824e-23
34.437,15.079999999999998,2.025070715714869,-0.532892328564609,0,0.2107828407825834
34.548,15.191000000000003,2.031035539546585,-0.5772331432906777,0,0.4538771861884258
34.636,15.279000000000003,1.8456484381668201,-1.0471975511965976,0,0.5917827487246029
34.733,15.375999999999998,1.861247249023893,-0.5779140493492682,0,0.7863343133840524
34.838,15.481000000000002,1.892500862355332,-0.3984933201630471,0,0.9756458225147806
34.95,15.593000000000004,1.9284875736305267,-0.3292362778604588,0,1.2319608222997116
35.049,15.692,1.9645500984739543,-0.2152765301656458,0,1.3618735945453813
35.154,15.797000000000004,2.015589978998959,-0.04178013649597459,0,1.627825492283347
35.24,15.883000000000003,2.4800000000000004,-1.1700000000000002,0,1.7631500999672727
35.347,15.990000000000002,2.4800000000000004,-1.1700000000000002,0,2.00030903420113
35.431,16.073999999999998,2.4800000000000004,-1.1700000000000002,0,2.2532523553693
35.551,16.194000000000003,2.4800000000000004,-1.1700000000000002,0,2.506195676537449
35.639,16.282000000000004,2.4800000000000004,-1.1700000000000002,0,2.7591389977056107
35.751,16.394,2.4800000000000004,-1.1700000000000002,0,3.0120823188737758
35.832,16.475,2.4800000000000004,-1.1700000000000002,0,3.265025640041797
35.95,16.593000000000004,2.332298521336935,-1.0471975511965976,0,3.517968961209907
36.028,16.671,2.567605510003779,1.0471975511965976,0,3.6815773627699544
36.159,16.802,2.8714626450483913,1.0471975511965976,0,4.0227532524862415
36.243,16.886000000000003,2.4800000000000004,-1.1700000000000002,0,4.305296374831609
36.341,16.984,2.4800000000000004,-1.1700000000000002,0,4.487235388318669
36.428,17.070999999999998,2.4800000000000004,-1.1700000000000002,0,4.74017870949193
36.539,17.182000000000002,2.3499563244459543,-1.0471975511965976,0,4.99312203066002
36.646,17.289,2.30506497526297,-0.8333957731104952,0,5.317119355326255
36.747,17.39,2.282849252617911,-0.6726774289859127,0,5.475383237351637
36.837,17.480000000000004,2.269044280110686,-0.6092184482214802,0,5.708983190377548
36.949,17.592,2.263350868169655,-0.5214512081557797,0,5.9408906259053635
37.057,17.700000000000003,2.2723769498342676,-0.38125185499611014,0,6.171942595437293
37.145,17.788000000000004,2.2882431856704875,-0.29592464163061716,0,6.40341606770468
37.238,17.881,2.31001882081165,-0.21804868747672765,0,6.636276223240071
37.341,17.984,2.340064804097885,-0.14763721202061947,0,6.871157083327883
37.434,18.076999999999998,2.3696843450760805,-0.10954422795928143,0,7.108821782839474
37.538,18.180999999999997,2.4091370556079994,-0.03855211446091755,0,7.349522344825824
37.626,18.269,2.4392541167902952,-0.04581293556738625,0,7.512002219913745
37.74,18.383000000000003,2.491320691045485,0.07139934008329174,0,7.842716768495116
37.838,18.481,2.5257258858104428,-0.0062201462735625435,0,8.095061165315938
37.939,18.582,2.5664859844787706,0.061153096467773005,0,8.35151540776732
38.039,18.682000000000002,2.608468695493668,0.08906452644104434,0,8.611911103070051
38.146,18.789,2.651783950946158,0.14312023312676447,0,8.87654741417998
38.235,18.878,2.6195543150754395,-0.447494406517291,0,9.055395881205841
38.336,18.979,2.4800000000000004,-1.1700000000000002,0,9.32368442171216
38.432,19.075000000000003,2.68994131665126,-1.0471975511965976,0,9.581377290088827
38.53,19.173000000000002,2.7147802878028306,0.13564547242467628,0,9.848598078291058
38.635,19.278,2.7004364141304187,-0.3036383770363555,0,10.124656148053969
38.741,19.384,2.5952077527849737,-1.0471975511965976,0,10.400587456568607
38.845,19.488,2.517440117203707,-0.9522642740130849,0,10.66886669261537
38.944,19.587000000000003,2.479534350716892,-0.6654934943430991,0,10.928277546414652
39.034,19.677,2.4606126720080654,-0.5314769836934476,0,11.182471510871313
39.128,19.771,2.4481754332255803,-0.47145752141159447,0,11.43409326547146
39.242,19.884999999999998,2.4470795940853827,-0.3636133676946503,0,11.684227105076173
39.338,19.981,2.457688998824388,-0.25238131209125,0,11.933864531199239
39.442,20.085,2.4754688381165373,-0.18843414825736968,0,12.184187046575213
39.533,20.176000000000002,2.4940020498622086,-0.14283276686110852,0,12.351914012610832
39.637,20.28,2.5232117820669333,-0.07405414746544198,0,12.690467768059111
39.748,20.391,2.5509579066765427,-0.06242402735592481,0,12.946842110127779
39.83,20.473,2.576159883346797,-0.03569464074909315,0,13.1193638404968
39.933,20.576,2.612734603578286,0.04004621338028258,0,13.381275254198576
40.042,20.685000000000002,2.6469339265982352,0.02207043825806121,0,13.646530624010726
40.14,20.783,2.6744966590710484,0.045093434127785055,0,13.915355096288348
40.249,20.892000000000003,2.709306709584675,0.12598693674999412,0,14.278149479962593
40.331,20.974000000000004,2.730623553468321,0.12444335302778733,0,14.461198715049308
40.438,21.081000000000003,2.764290114944179,0.21699470850109656,0,14.738997335708866
40.526,21.169000000000004,2.7795857522102914,0.14829103611707672,0,15.019809768594625
40.637,21.28,2.771098050365435,-0.03584424563104763,0,15.302807050116582
40.74,21.383000000000003,2.7441029270481607,-0.17401884430409645,0,15.585747521181396
40.837,21.480000000000004,2.759930712645571,0.1840439665086524,0,15.866563575755551
40.946,21.589,2.744371958872677,-0.0032710630802217366,0,16.147537921279934
41.044,21.686999999999998,2.643164653246174,-0.7070140223391878,0,16.427992705347553
41.138,21.781,2.5693899804181215,-0.6148547694641284,0,16.701032220701602
41.229,21.872,2.536607921784149,-0.203149216540509,0,16.878255323674658
41.328,21.971000000000004,2.5227873146168376,0.1470132953551283,0,17.13810198791706
41.449,22.092,2.517656623092481,0.39318274056978214,0,17.481670523819165
41.531,22.174,2.5098461461049677,0.4555644469696649,0,17.653044890905882
41.638,22.281,2.5079407082953837,0.5823223062476286,0,17.90931241038586
41.732,22.375,2.5000836314372465,0.5382945592513511,0,18.16518350885344
41.841,22.484,2.494253677122337,0.5473722482656567,0,18.42045541425539
41.947,22.590000000000003,2.482886482740395,0.46463395437853006,0,18.67506387353847
42.055,22.698,2.4760370190460215,0.48469501703849727,0,18.92870179974735
42.142,22.785000000000004,2.467317966193721,0.44335283192152347,0,19.18148767425182
42.267,22.910000000000004,2.4665381355876566,0.5167465677149161,0,19.51733602992662
42.354,22.997,2.45693830212884,0.429706490006123,0,19.68508526443416
42.438,23.081000000000003,2.45215692844843,0.4746118757882258,0,19.936016800909258
42.547,23.189999999999998,2.4559717355897446,0.5565736662180656,0,20.186296822036798
42.633,23.276000000000003,2.448838411895319,0.4639444762657733,0,20.436672839032674
42.729,23.372,2.4486749244564705,0.5306172441817392,0,20.603434274809178
42.842,23.485,2.4505998285959034,0.5422072225198062,0,20.93646119693373
42.935,23.578000000000003,2.443893478570626,0.4669928057118685,0,21.186353443795188
43.042,23.685000000000002,2.442419573194136,0.5039346143654602,0,21.43585566885885
43.132,23.775,2.4375186207809953,0.4587339150830982,0,21.601988423929043
43.24,23.883000000000003,2.4411021184682204,0.5415097910701936,0,21.933654052685586
43.347,23.990000000000002,2.4405886244338375,0.5152454363657725,0,22.182521445155658
43.433,24.076,2.4335323875352897,0.4495325604839432,0,22.3484966969802
43.55,24.192999999999998,2.440851532228758,0.5713100245419709,0,22.679693536414838
43.64,24.283,2.436132159796217,0.4758916844844969,0,22.845420479542778
43.752,24.395000000000003,2.4385931440091224,0.5514699573350293,0,23.09406330660427
43.856,24.499000000000002,2.4377753269431994,0.5199960307195182,0,23.342712801098656
43.954,24.597,2.437319345993182,0.5228350840721386,0,23.59139031657386
44.048,24.691000000000003,2.435253957960638,0.49921142111608424,0,23.840009131371524
44.141,24.784,2.4317104703522947,0.4764749295643239,0,24.088472179245997
44.246,24.889000000000003,2.434216069348602,0.5292886749887937,0,24.33662432356234
44.343,24.986000000000004,2.433307914442791,0.5036175614232852,0,24.584826034455777
44.459,25.102000000000004,2.4356806953716346,0.5343005222640241,0,24.83305118065973
44.548,25.191000000000003,2.4281902106664144,0.4318568826928165,0,25.081406648750846
44.635,25.278,2.4287722027325978,0.5087480012784038,0,25.329334104592856
44.744,25.387,2.4340912353999324,0.5510724344839998,0,25.577046280808396
44.841,25.484,2.4310329800393977,0.4928657366489787,0,25.742381397590897
44.939,25.582,2.4335989537162983,0.5406674673822452,0,25.990447597345206
45.057,25.700000000000003,2.435567718829184,0.5355304813909783,0,26.321238304394953
45.168,25.811,2.4349455609540733,0.5173215744578368,0,26.569595820707015
45.257,25.9,2.427233158385405,0.43239416045030393,0,26.81797814288477
45.342,25.985,2.4272023253308426,0.4967180740848494,0,26.98329040888676
45.447,26.090000000000003,2.431599523871967,0.5323879162298771,0,27.230863389597722
45.547,26.189999999999998,2.4290745253014787,0.4728913489456495,0,27.47873379803177
45.635,26.278,2.427986986001209,0.4587961468939259,0,27.72658234155704
45.748,26.391,2.434879375386565,0.48563960202109147,0,27.974271426786967
45.853,26.496000000000002,2.4352419915499985,0.14464360102996238,0,28.222392063840186
45.934,26.576999999999998,2.43390633592862,-0.03718905444342874,0,28.470773310562116
46.045,26.688000000000002,2.4621227236006833,0.1418726692456616,0,28.719077074501566
46.135,26.778,2.4882300669151265,0.20666974537597715,0,28.969254067143584
46.243,26.886000000000003,2.5380814170078034,0.41379658254615476,0,29.22216545488354
46.349,26.991999999999997,2.5832505015236378,0.3871653020237156,0,29.4793532158829
46.455,27.098,2.6183013082517874,0.3386850846534719,0,29.741307038012668
46.538,27.180999999999997,2.6545022786620667,0.31028149211654255,0,29.91815867344108
46.645,27.288000000000004,2.704180768716685,0.4378986525411866,0,30.277938402696833
46.745,27.387999999999998,2.7306798299725767,0.3960419976901221,0,30.46013235847426
46.832,27.475,2.7516345761108876,0.4434096600151307,0,30.73775848084283
46.953,27.596000000000004,2.7636360731077603,0.4495471902670819,0,31.017710272678663
47.051,27.694000000000003,2.4800000000000004,-1.1700000000000002,0,31.299190385777813
47.139,27.782000000000004,2.4800000000000004,-1.1700000000000002,0,31.561781978345575
47.245,27.887999999999998,2.4800000000000004,-1.1700000000000002,0,31.814725299513704
47.345,27.988,2.4800000000000004,-1.1700000000000002,0,32.06766862068183
47.45,28.093000000000004,2.4800000000000004,-1.1700000000000002,0,32.32061194184984
47.536,28.179000000000002,2.4800000000000004,-1.1700000000000002,0,32.57355526301796
47.625,28.268,2.4800000000000004,-1.1700000000000002,0,32.74218414379673
47.739,28.381999999999998,2.4800000000000004,-1.1700000000000002,0,33.07944190535422
47.834,28.477000000000004,2.4800000000000004,-1.1700000000000002,0,33.332385226522355
47.949,28.592,2.4800000000000004,-1.1700000000000002,0,33.585328547690374
48.05,28.692999999999998,2.4800000000000004,-1.1700000000000002,0,33.838271868858506
48.136,28.779000000000003,2.4800000000000004,-1.1700000000000002,0,34.09121519002664
48.253,28.896,2.4800000000000004,-1.1700000000000002,0,34.34415851119476
48.339,28.982,1.908628671162927,-1.0471975511965976,0,34.51278739197351
48.44,29.083,1.909558441876154,-0.7162574044702653,0,34.72688172664109
48.551,29.194000000000003,1.9212701365035634,-0.5966020755760322,0,34.98654182172784
48.64,29.283,1.9389958609239328,-0.4823284862024432,0,35.11678726907774
48.74,29.383000000000003,1.9668202284762701,-0.3618906552387142,0,35.31395957477099
48.831,29.474000000000004,2.003126867845339,-0.27845043821758386,0,35.51362762704924
48.945,29.588,2.0534895854102193,-0.21215980230284742,0,35.716711211169994
49.043,29.686,2.083013842453355,-0.22391768731174322,0,35.92445425926195
49.155,29.798000000000002,2.139101856004251,0.0623813865477168,0,36.135917352872006
49.232,29.875,2.1806334562576613,0.10956603639294457,0,36.35219855128362
49.341,29.984,2.246130630389269,0.3156231154868369,0,36.57321098990076
49.458,30.101,2.4800000000000004,-1.1700000000000002,0,36.80008863439437
49.541,30.183999999999997,2.4800000000000004,-1.1700000000000002,0,37.045085590109984
49.641,30.284,2.4800000000000004,-1.1700000000000002,0,37.298028911278124
49.742,30.384999999999998,2.4800000000000004,-1.1700000000000002,0,37.55097223244625
49.843,30.486000000000004,2.4800000000000004,-1.1700000000000002,0,37.803915553614374
49.934,30.576999999999998,2.4800000000000004,-1.1700000000000002,0,37.97254443439312
50.042,30.685000000000002,2.4800000000000004,-1.1700000000000002,0,38.30980219595053
50.139,30.782000000000004,2.4800000000000004,-1.1700000000000002,0,38.47843107672929
50.226,30.869,2.738672332173782,-1.0471975511965976,0,38.73137439789742
50.331,30.974000000000004,2.616671338540771,-1.0471975511965976,0,39.001908720119864
50.433,31.076,2.5594639101438683,-0.751946668788215,0,39.272942913538046
50.555,31.198,2.519341039870583,-0.608296287552061,0,39.53594384560132
50.654,31.297000000000004,2.5051900537466834,-0.33470127064260985,0,39.87993145446074
50.738,31.381,2.5019080681650814,-0.16584145871636183,0,40.05076352528573
50.841,31.484,2.495103436399582,-0.09541964652032286,0,40.306069050612585
50.935,31.578000000000003,2.4927207235610105,0.01693192554353523,0,40.56080077135168
51.032,31.674999999999997,2.4901893654662195,0.10730279150729832,0,40.815139257690504
51.156,31.799,2.4846898651149467,0.15954264966894716,0,41.06922454390722
51.235,31.878,2.4771144039626174,0.20145903685050476,0,41.32284963890224
51.34,31.983000000000004,2.4617212032589713,0.23364342047755404,0,41.575772440769185
51.441,32.084,2.443007996559374,0.26967516205234676,0,41.827390767377466
51.541,32.184,2.417987127789503,0.27042440468111084,0,42.07721302990824
51.639,32.282000000000004,2.386889348955896,0.25030073532415287,0,42.324697556208015
51.751,32.394,2.3474317019411686,0.25136038654694726,0,42.56921681475977
51.842,32.485,2.313585501997063,0.26594238376878687,0,42.730183242606245
51.947,32.59,2.2675460133560335,0.20599312157005034,0,42.96846975150915
52.034,32.677,2.23609330064428,0.3115550407310953,0,43.20132420422525
52.138,32.781,2.235268589355591,0.6695705729246181,0,43.43047424449954
52.242,32.885,2.294553832062855,1.0471975511965976,0,43.65849604292641
52.34,32.983000000000004,2.466168488317037,1.0471975511965976,0,43.89051495280045
52.443,33.086,2.798852660541175,1.0471975511965976,0,44.136216261550004
52.54,33.183,2.2967636554386432,-1.0471975511965976,0,44.41037348917971
52.641,33.284,2.6784183406064264,1.0471975511965976,0,44.6617011322929
52.729,33.372,2.9305608462547963,1.0471975511965976,0,44.92190979865091
52.776,33.419000000000004,0.0,1.0471975511965976,1,45.01297121207357
52.777,33.42,0.0,1.0471975511965976,0,45.01297121207357
53.129,33.772,3.1,1.3,0,45.11260501800723
53.25,33.893,2.8980386171493557,1.0471975511965976,0,45.428779279162306
53.346,33.989,2.939614051069153,1.0471975511965976,0,45.73122691633775
53.442,34.085,2.8136310486471934,-0.5853266742057862,0,46.02963822169512
53.55,34.193,2.889175970444376,0.5441480606423802,0,46.3209035740796
53.634,34.277,2.640420119564698,-1.0471975511965976,0,46.51479603296943
53.748,34.391,2.153788701691089,-1.0471975511965976,0,46.8823352413772
53.83,34.473,2.207243969789591,0.12872048262805402,0,47.04532973141742
53.932,34.575,2.2981906707782316,0.5245234375225039,0,47.2686471493712
54.046,34.689,2.3750821836255804,0.7219654785881737,0,47.49996827896577
54.153,34.796,2.4369574877643356,0.5296885596619041,0,47.73960725988438
54.235,34.878,2.463417967737994,0.1417534284768424,0,47.98606889630855
54.347,34.99,2.519942543504214,0.16585490707453576,0,48.236436590685024
54.439,35.082,2.553666994356765,0.006630912357323215,0,48.491548586280835
54.535,35.178,2.5908811952138775,0.10104450256271201,0,48.75087587432641
54.64,35.283,2.6381401118068917,0.2094859330825527,0,49.01388038641884
54.751,35.394,2.675759123237867,0.2072154803304323,0,49.281363451975004
54.849,35.492,2.7067833402896095,0.23025171190633534,0,49.55301127007861
54.94,35.583,2.7284682681831876,0.25649662907299875,0,49.828047689063794
55.039,35.682,2.7488930511337712,0.3152541450919282,0,50.01284571465487
55.14,35.783,2.4800000000000004,-1.1700000000000002,0,50.38599909055908
55.236,35.879,2.4800000000000004,-1.1700000000000002,0,50.5637754472302
55.339,35.982,2.4800000000000004,-1.1700000000000002,0,50.816718768401
55.431,36.074,2.4800000000000004,-1.1700000000000002,0,51.06966208956895
55.548,36.191,2.4800000000000004,-1.1700000000000002,0,51.32260541073736
55.643,36.286,2.4800000000000004,-1.1700000000000002,0,51.57554873190578
55.737,36.38,2.4800000000000004,-1.1700000000000002,0,51.8284920530741
55.84,36.483000000000004,2.4800000000000004,-1.1700000000000002,0,52.08143537424212
55.931,36.574,2.4800000000000004,-1.1700000000000002,0,52.334378695410244
56.05,36.693,2.4800000000000004,-1.1700000000000002,0,52.587322016578376
56.134,36.777,2.4800000000000004,-1.1700000000000002,0,52.8402653377465
56.239,36.882,2.4800000000000004,-1.1700000000000002,0,53.093208658914634
56.338,36.981,2.4800000000000004,-1.1700000000000002,0,53.34615198008276
56.443,37.086,2.4800000000000004,-1.1700000000000002,0,53.599095301250884
56.556,37.199,1.9942502450011916,-1.0471975511965976,0,53.852038622419016
56.639,37.282000000000004,2.016895447374324,-0.36157646284858846,0,54.07195491656795
56.737,37.38,2.0544269151860077,-0.178196378941696,0,54.20832985677597
56.835,37.478,2.08791082098932,-0.1477192127294799,0,54.416604686592464
56.946,37.589,2.131544043566268,-0.02890771113531658,0,54.628432881343535
57.062,37.705,2.1761875985611896,0.038583082511397526,0,54.915355656894675
57.139,37.782000000000004,2.4800000000000004,-1.1700000000000002,0,55.0618185244113
57.233,37.876,2.4800000000000004,-1.1700000000000002,0,55.304437778172726
57.355,37.998,2.4800000000000004,-1.1700000000000002,0,55.557381099340866
57.447,38.09,2.4800000000000004,-1.1700000000000002,0,55.81032442050899
57.539,38.182,2.4800000000000004,-1.1700000000000002,0,56.063267741677116
57.638,38.281,2.4800000000000004,-1.1700000000000002,0,56.316211062845255
57.733,38.376,2.4800000000000004,-1.1700000000000002,0,56.56915438401327
57.865,38.508,2.4800000000000004,-1.1700000000000002,0,56.90641214557076
57.96,38.603,2.8464627345813374,-1.0471975511965976,0,57.07504102634952
58.046,38.689,2.7436153723148444,-0.7752832744224805,0,57.352904708768904
58.135,38.778,2.659318451158924,-0.6975361553550438,0,57.63623977373439
58.234,38.877,2.6119918324494154,-0.6608203397912924,0,57.81993470401209
58.336,38.979,2.5793506084825397,-0.5376743006578883,0,58.176766975265544
58.436,39.079,2.5691945190510412,-0.36947590942411945,0,58.353269529056504
58.528,39.171,2.5664863889062604,-0.30844403451072955,0,58.6156703069731
58.656,39.299,2.5698665194720647,-0.25747379198706133,0,58.96480275809764
58.736,39.379,2.5802375587168123,-0.1770486162994709,0,59.139438078008084
58.84,39.483000000000004,2.598150948390981,-0.060261176807546536,0,59.402269149590914
58.939,39.582,2.6158403588873793,0.02279622012384941,0,59.66667132755605
59.028,39.671,2.6325022857783678,0.0928887705141366,0,59.93288558413701
59.145,39.788000000000004,2.652165723619356,0.14433924348435676,0,60.200834234983844
59.243,39.886,2.6616233211728995,0.12290252479078706,0,60.47068636356331
59.347,39.99,2.608967569400443,-0.36388221257463993,0,60.741850161668594
59.433,40.076,2.6360525432351496,0.33129243944,0,61.00975395182938
59.533,40.176,2.636140497026367,0.13767017169165,0,61.27770890860906
59.652,40.295,2.6636320489839105,0.42404235497430626,0,61.54659161125864
59.73,40.373,2.4800000000000004,-1.1700000000000002,0,61.81734571677162
59.831,40.474000000000004,2.4800000000000004,-1.1700000000000002,0,61.99222286241612
59.931,40.574,2.4800000000000004,-1.1700000000000002,0,62.245166183581986
60.043,40.686,2.4800000000000004,-1.1700000000000002,0,62.58242394513949
60.126,40.769,2.4800000000000004,-1.1700000000000002,0,62.75105282591824
60.25,40.893,3.0863665516422008,1.0471975511965976,0,63.088310587475746
60.262,40.905,0.0,1.0471975511965976,1,63.088310587475746
60.636,41.279,3.1,1.3,0,63.172625027999615
60.64,41.283,0.0,1.3,0,63.172625027999615
61.057,41.7,3.1,1.3,0,63.17262502799966
61.148,41.791000000000004,3.0984593413501855,1.0471975511965976,0,63.38340786878039
61.234,41.877,2.993525432504526,0.9288745517329385,0,63.69948339532735
61.347,41.99,2.836516275059201,0.4308738222623054,0,64.00837671810496
61.43,42.073,2.7247228520103683,-0.36625936244966073,0,64.2065930438578
61.538,42.181,2.5699529986819116,-1.0471975511965976,0,64.58475438229624
61.635,42.278,2.495133894412493,-0.7654217633562169,0,64.85214193381019
61.743,42.386,2.4844906419309853,0.01413997112720311,0,65.1091800371947
61.836,42.479,2.5176033536891795,1.0471975511965976,0,65.2784848765511
61.947,42.59,2.67272878531648,1.0471975511965976,0,65.6197395355324
61.954,42.597,0.0,1.0471975511965976,1,65.6197395355324
62.349,42.992,3.1,1.3,0,65.70533352833637
62.444,43.087,2.997819890903613,1.0471975511965976,0,65.91611636910592
62.548,43.191,2.979818253684459,0.11734588035598353,0,66.22534877447832
62.635,43.278,2.9878490485864253,0.39098373201369224,0,66.52989677368502
62.738,43.381,2.938692842269601,0.054432706333722825,0,66.83438276623254
62.855,43.498,2.4800000000000004,-1.1700000000000002,0,67.1357999704582
62.948,43.591,2.4800000000000004,-1.1700000000000002,0,67.4043443935755
63.055,43.698,2.4800000000000004,-1.1700000000000002,0,67.65728771474362
63.134,43.777,2.4800000000000004,-1.1700000000000002,0,67.91023103591174
63.231,43.874,2.4800000000000004,-1.1700000000000002,0,68.07885991669049
63.338,43.981,2.4800000000000004,-1.1700000000000002,0,68.41611767824799
63.444,44.087,2.4800000000000004,-1.1700000000000002,0,68.66906099941612
63.554,44.197,2.4800000000000004,-1.1700000000000002,0,68.92200432058424
63.641,44.284,2.4800000000000004,-1.1700000000000002,0,69.09063320136299
63.734,44.377,2.6432125719756154,-1.0471975511965976,0,69.34357652253112
63.841,44.484,2.6670270435861685,0.3192604704849267,0,69.60761992393951
63.935,44.578,2.6918446302966728,0.33470977131489643,0,69.8788413529313
64.042,44.685,2.4800000000000004,-1.1700000000000002,0,70.15256427417862
64.134,44.777,2.4800000000000004,-1.1700000000000002,0,70.41271537847139
64.237,44.879999999999995,2.4800000000000004,-1.1700000000000002,0,70.66565869963742
64.337,44.980000000000004,2.6347248908152068,-1.0471975511965976,0,70.91860202080555
64.431,45.074,2.6284367057660796,-0.1640068668171036,0,71.1820682903814
64.539,45.182,2.605547598335967,-0.3697609808443511,0,71.45037766929555
64.645,45.288,2.595595113997266,-0.10605164555639907,0,71.71692047123334
64.753,45.396,2.56056201934328,-0.22313019651595334,0,71.98200887815139
64.853,45.495999999999995,2.5229866963021648,-0.21054289175773844,0,72.24437686382632
64.941,45.584,2.4591904081598166,-0.4615226210451364,0,72.50299849258842
65.055,45.69800000000001,2.371279219255396,-0.5411061029039964,0,72.75600308904515
65.121,45.763999999999996,2.311288204269775,-0.5149219604851923,0,72.92023706142085
65.238,45.881,2.259810535525663,-0.04177716027770639,0,73.15802500839428
65.357,46.0,2.2293298277081455,0.30595090346228715,0,73.46710845879795
65.442,46.084999999999994,2.2081324837269998,0.5222925322546778,0,73.6955357552008
65.536,46.179,2.25203873127109,1.0471975511965976,0,73.84640814549893
65.627,46.269999999999996,2.3610721467752374,1.0471975511965976,0,74.07461420832068
65.754,46.397000000000006,2.506115463297587,1.0471975511965976,0,74.31172390625747
65.835,46.477999999999994,2.5593059675658436,1.0471975511965976,0,74.55747175678565
65.94,46.583,2.6515658755101503,1.0471975511965976,0,74.8166987951197
66.044,46.687,2.6912150809604243,1.0471975511965976,0,75.08400755743315
66.149,46.792,2.709531362954956,0.6799143657729948,0,75.35714899449
66.234,46.876999999999995,2.695198558293977,-0.09836157885763219,0,75.6328895041066
66.341,46.983999999999995,2.6778628584377464,-0.351261695143242,0,75.90828493555318
66.436,47.07900000000001,2.677025174666965,-0.22719127989010612,0,76.18201523584466
66.532,47.175,2.687611110658699,-0.12694715779417953,0,76.45509929106932
66.634,47.277,2.702600646150342,-0.08471885911033068,0,76.72887533421346
66.741,47.384,2.7206144657527673,0.012744467625707426,0,77.00403082127943
66.842,47.485,2.738347824057237,0.06065121636655921,0,77.28092099353432
66.924,47.56700000000001,2.7513674052410457,0.06738596953403075,0,77.46652569405231
67.054,47.697,2.7726524552529144,0.11952782692728708,0,77.84026891729664
67.156,47.79900000000001,2.779961331956958,0.020655429696152944,0,78.12235562565229
67.243,47.885999999999996,2.7868576935323883,0.035038551268252366,0,78.31114442748623
67.35,47.992999999999995,2.7967924678627276,0.02706203695324924,0,78.68968810589492
67.448,48.090999999999994,2.8026386218145127,0.020782501258505587,0,78.87953220230727
67.546,48.18900000000001,2.8103569245773663,0.00948840893039292,0,79.1652025650028
67.631,48.274,2.8154268969849197,-0.05163198152291375,0,79.451596546028
67.742,48.385000000000005,2.8247951421283717,-0.061187285694770256,0,79.73859768528408
67.832,48.474999999999994,2.832733608633256,-0.029350980958742147,0,80.02640822233796
67.945,48.587999999999994,2.846870843505292,0.06168688449612497,0,80.31507711706662
68.043,48.68600000000001,2.85652539123846,0.062084292833321675,0,80.60497723746033
68.152,48.795,2.8650703328029508,0.057200006326088584,0,80.89601451876052
68.268,48.911,2.8709768116535566,0.022972049099969916,0,81.18796111577876
68.347,48.989999999999995,2.873082422353814,0.04312560919326383,0,81.48059990979215
68.467,49.11,2.879268360912249,0.03841001032607637,0,81.77358270594537
68.553,49.196,2.87987451671859,0.05557343477825094,0,82.06705773400266
68.644,49.287000000000006,2.8811448303607663,0.05324869181220518,0,82.2628685701992
68.744,49.387,2.880265885169701,0.04138304621526939,0,82.5567021107287
68.834,49.477000000000004,2.8776218369166418,0.0030541314569144384,0,82.85051908543731
68.945,49.587999999999994,2.8744799864720965,-0.027986817235055056,0,83.241965544447
69.031,49.67400000000001,2.8224286839089503,-0.4759804892933426,0,83.43753700259104
69.147,49.790000000000006,2.7942943108732576,-0.35712094291972507,0,83.72719237439502
69.235,49.878,2.82230093608866,0.08253272149720758,0,84.01316474819049
69.352,49.995000000000005,2.7686601532584008,-0.5407341011273924,0,84.30008657165344
69.445,50.087999999999994,2.6394533683291246,-1.0471975511965976,0,84.58431101075115
69.557,50.2,2.5325037711206813,-0.993167053543347,0,84.85791747884755
69.651,50.294,2.4795394530050476,-0.10347120020968792,0,85.11985622781707
69.754,50.397000000000006,2.4325969189831538,0.8044981997160175,0,85.37456586088211
69.847,50.489999999999995,2.3736876738056254,0.45348488014250465,0,85.62428159245098
69.953,50.596000000000004,2.294589879630271,0.7507131016922741,0,85.86839647218513
69.961,50.604,0.0,0.7507131016922741,1,85.86839647218513
70.334,50.977000000000004,3.1,1.3,0,85.94910105376226
70.447,51.09,2.4800000000000004,-1.1700000000000002,0,86.1598838945436
70.559,51.202,6.2,1.0471975511965976,0,86.51821863604647
70.57,51.212999999999994,0.0,1.0471975511965976,1,86.51821863604647
70.87,51.513000000000005,3.1,-1.3,0,86.6025330765397
70.94,51.583,3.0073131195850586,0.9801505550250035,0,86.70792449693018
71.044,51.687,3.0839744817712402,-0.6477768810186563,0,87.01780374661286
71.153,51.79600000000001,2.92740860735027,-0.5283643390644415,0,87.32975368733337
71.236,51.879000000000005,2.863457791116623,0.5901611622991404,0,87.63366780880817
71.345,51.988,2.7662163108392313,0.11945420377105531,0,87.92791022619173
71.456,52.099000000000004,2.661756265314817,-0.07186682522032184,0,88.2133687375111
71.467,52.11,0.0,-0.07186682522032184,1,88.30742002737975
71.847,52.489999999999995,3.1,-1.3,0,88.39791971798469
71.852,52.495000000000005,0.0,-1.3,0,88.39791971798469
72.236,52.879000000000005,3.1,-1.3,0,88.39791971798475
72.339,52.982,2.7358157143629156,0.925318934037346,0,88.60870255876154
72.439,53.081999999999994,2.835244774081629,1.0471975511965976,0,88.90012177537619
72.535,53.178,2.9010648439345568,1.0471975511965976,0,89.18592213449186
72.646,53.289,2.9432804713665117,1.0471975511965976,0,89.47957735436387
72.759,53.402,2.9321808949373094,0.37652589092808386,0,89.77834084945543
72.836,53.479,2.9013708042340345,-0.11282857337798946,0,90.07779403883865
72.956,53.599000000000004,2.8704554326724816,-0.02291166097884234,0,90.37478060202058
73.039,53.682,2.8582611269021077,0.1262717147499793,0,90.66861811318398
73.136,53.778999999999996,2.8385109544214933,0.11848109034836612,0,90.96057520260837
73.248,53.891000000000005,2.8121650421151814,0.13009504705459163,0,91.25077462050173
73.343,53.986000000000004,2.7868694682398645,0.16664359766404002,0,91.53851099449537
73.45,54.093,2.4800000000000004,-1.1700000000000002,0,91.82363139816567
73.556,54.199,2.4800000000000004,-1.1700000000000002,0,92.08701371408219
73.637,54.28,2.4800000000000004,-1.1700000000000002,0,92.33995703525032
73.74,54.382999999999996,2.4800000000000004,-1.1700000000000002,0,92.59290035641845
73.853,54.495999999999995,2.4800000000000004,-1.1700000000000002,0,92.84584367758659
73.93,54.57300000000001,2.4800000000000004,-1.1700000000000002,0,93.01447255836534
74.04,54.68300000000001,2.4800000000000004,-1.1700000000000002,0,93.26741587953347
74.133,54.775999999999996,2.4800000000000004,-1.1700000000000002,0,93.5203592007016
74.248,54.891000000000005,2.4800000000000004,-1.1700000000000002,0,93.77330252186974
74.341,54.983999999999995,2.4800000000000004,-1.1700000000000002,0,94.02624584303787
74.46,55.102999999999994,2.4800000000000004,-1.1700000000000002,0,94.36350360459538
74.55,55.193,2.4800000000000004,-1.1700000000000002,0,94.53213248537413
74.631,55.274,2.4800000000000004,-1.1700000000000002,0,94.78507580654227
74.741,55.384,1.891489089589108,-1.0471975511965976,0,95.0380191277104
74.846,55.489000000000004,1.8939925725380027,-0.7126742236098342,0,95.25094803239372
74.956,55.599000000000004,1.890671943448691,-0.7789197973018194,0,95.44404360863639
75.05,55.693,1.8879464686563914,-0.7762661530584172,0,95.63699971566272
75.15,55.793000000000006,1.8979811198631191,-0.6257671552058073,0,95.82965731676737
75.236,55.879000000000005,1.9238187403814522,-0.3860385388064172,0,96.02290591536803
75.329,55.971999999999994,1.9613586354978323,-0.23353460370157597,0,96.15284542387958
75.439,56.081999999999994,2.0085656196073685,-0.17874948369919452,0,96.41831284665032
75.546,56.18900000000001,1.949555292524684,-1.0471975511965976,0,96.62158111688284
75.662,56.30500000000001,1.9790993082895998,-0.3666941464538436,0,96.82243500030876
75.742,56.385000000000005,1.9993863301272337,-0.26677778967369037,0,96.9560053196841
75.841,56.483999999999995,2.0455576069318306,0.3505865108989707,0,97.15925206460392
75.939,56.581999999999994,2.121845307872435,0.9313976721768361,0,97.36632806044676
76.031,56.67400000000001,2.227223384029709,1.0471975511965976,0,97.5801560592933
76.135,56.778000000000006,2.326175522347972,1.0471975511965976,0,97.80373897568332
76.229,56.872,2.4800000000000004,-1.1700000000000002,0,98.03763215126114
76.342,56.985,2.4800000000000004,-1.1700000000000002,0,98.28534682222396
76.437,57.08,2.4800000000000004,-1.1700000000000002,0,98.53829014339209
76.545,57.188,2.4800000000000004,-1.1700000000000002,0,98.79123346456022
76.64,57.283,2.4800000000000004,-1.1700000000000002,0,99.04417678572835
76.751,57.394000000000005,2.4800000000000004,-1.1700000000000002,0,99.29712010689649
76.759,57.402,0.0,-1.1700000000000002,1,99.29712010689649
77.147,57.790000000000006,3.1,1.3,0,99.38143454742203
77.159,57.80200000000001,0.0,1.3,0,99.38143454742203
77.558,58.20100000000001,3.1,1.3,0,99.38143454742212
77.565,58.208,0.0,1.3,0,99.38143454742212
77.937,58.58,3.1,1.3,0,99.38143454742219
77.948,58.590999999999994,0.0,1.3,0,99.38143454742219
78.325,58.968,3.1,1.3,0,99.38143454742232
78.432,59.075,2.9047050135135364,-1.0471975511965976,0,99.69760880858085
78.547,59.19,2.7570568239238393,-1.0471975511965976,0,100.00050973676065
78.628,59.271,2.7022848590335173,-0.6059637780807801,0,100.19299947127585
78.756,59.399,2.585450952022168,-1.0471975511965976,0,100.56236263241996
78.832,59.474999999999994,2.561949104038629,-0.5314037445739954,0,100.74213938176707
78.943,59.586,2.512657959517458,-0.6922828443348963,0,101.09135532500197
79.028,59.67100000000001,2.5018206707135753,-0.4341570244176701,0,101.2638888081905
79.138,59.781000000000006,2.489957347985751,-0.42041158282986063,0,101.51943946763433
79.24,59.882999999999996,2.4941114495465584,-0.289703053363964,0,101.77381625622941
79.336,59.979,2.504750775221366,-0.22368219834716063,0,102.02807297814458
79.428,60.071,2.5204859025579793,-0.16865873259341255,0,102.28319506671066
79.534,60.17700000000001,2.542895499635354,-0.11750706082928067,0,102.5397491942159
79.638,60.281000000000006,2.56625294031061,-0.09033151107655812,0,102.79836237629753
79.747,60.39,2.6500081029170315,0.4716140205979102,0,103.05932589697663
79.867,60.510000000000005,2.8159176116208577,1.0471975511965976,0,103.4168763931436
79.939,60.581999999999994,2.619155574170267,-1.0471975511965976,0,103.60271184501902
80.033,60.676,2.604474485206571,-0.22368791753848755,0,103.87654115831765
80.153,60.79600000000001,2.847717090635756,1.0471975511965976,0,104.14269158215893
80.232,60.875,2.6515540994166997,-1.0471975511965976,0,104.42487803492989
80.357,61.0,2.6369055687288063,-0.015454314715441564,0,104.70199145675471
80.439,61.081999999999994,2.665116888848187,0.4325461027085495,0,104.97144911072114
80.533,61.176,2.6837557299901613,0.41301432093910884,0,105.15171705654261
80.631,61.274,2.4800000000000004,-1.1700000000000002,0,105.42482410420558
80.74,61.382999999999996,2.4800000000000004,-1.1700000000000002,0,105.68469993003922
80.861,61.504000000000005,2.4800000000000004,-1.1700000000000002,0,106.02195769159525
80.956,61.599000000000004,2.4800000000000004,-1.1700000000000002,0,106.27490101276395
81.041,61.684,2.4800000000000004,-1.1700000000000002,0,106.44352989354309
81.143,61.786,2.4800000000000004,-1.1700000000000002,0,106.6964732147118
81.237,61.879999999999995,2.4800000000000004,-1.1700000000000002,0,106.9494165358804
81.334,61.977000000000004,2.4800000000000004,-1.1700000000000002,0,107.2023598570491
81.437,62.08,2.4800000000000004,-1.1700000000000002,0,107.4553031782178
81.555,62.19800000000001,2.4800000000000004,-1.1700000000000002,0,107.70824649938652
81.629,62.272000000000006,2.4800000000000004,-1.1700000000000002,0,107.96118982055522
81.741,62.384,2.11837417612883,-1.0471975511965976,0,108.21413314172392
81.827,62.47,2.101926302826719,-0.7786932489561059,0,108.37046849974489
81.958,62.601,2.0693317781328315,-0.8845265654199593,0,108.65687963839851
82.034,62.67700000000001,2.0706866311004504,-0.5883624581941495,0,108.79869767444447
82.143,62.786,2.0756596090892625,-0.5543661089231502,0,109.08021127555187
82.232,62.875,2.0891708397688187,-0.43167861224311044,0,109.22118482908515
82.328,62.971000000000004,2.1122880044966794,-0.32375508246025386,0,109.43381855299654
82.447,63.09,2.146895044098493,-0.25008967720969816,0,109.7203020125132
82.543,63.18600000000001,2.1758227239761485,-0.2281714590883938,0,109.86511365358666
82.632,63.275000000000006,2.2143002117018287,-0.09548768612792502,0,110.08606343925355
82.754,63.397000000000006,2.269508353973083,-0.015904167430395855,0,110.3858997485705
82.843,63.486000000000004,2.3034553428049866,-0.08935507801147008,0,110.53834920570125
82.95,63.593,2.3568843835835134,0.08608115364938779,0,110.77214739172163
83.047,63.69,2.411031965982912,0.0995722630490124,0,111.01073292398875
83.138,63.781000000000006,2.454238749025275,0.07805819547134912,0,111.25481705966759
83.235,63.878,2.50762960286285,0.17078582742254406,0,111.50368029316192
83.339,63.982,2.5638755280087095,0.1637925524395808,0,111.75764295940952
83.44,64.083,2.605053771666884,0.09294214863735667,0,112.0172455565769
83.544,64.187,2.6539613546162393,0.15229488512922892,0,112.28156079448792
83.657,64.3,2.5805212709991183,-0.731999623361059,0,112.55060175620339
83.737,64.38,2.4800000000000004,-1.1700000000000002,0,112.81630725894036
83.829,64.472,2.6949994951095,-1.0471975511965976,0,112.98835715810407
83.938,64.581,2.706586778332857,-0.014744574030781221,0,113.34754702717007
84.048,64.691,2.7231713459851474,-0.0726305987675981,0,113.62322006895279
84.151,64.794,2.6366746843005564,-0.9541949155329713,0,113.90041962275669
84.25,64.893,2.546183925302245,-1.0216931486464054,0,114.17229344050318
84.332,64.975,2.513593360009632,-0.6391914568387994,0,114.34850234908593
84.43,65.07300000000001,2.4839724212372882,-0.598516339718556,0,114.60598923461666
84.531,65.174,2.4718719963506675,-0.44535923346359674,0,114.86035693710556
84.639,65.282,2.472791049301048,-0.33156106210662445,0,115.11289623197924
84.735,65.378,2.482154703795465,-0.2487981821097383,0,115.36508797776659
84.829,65.472,2.496773982425415,-0.1895462969004508,0,115.61794844471751
84.945,65.588,2.519711879993889,-0.13446719363452225,0,115.8721217898635
85.031,65.674,2.5388955346187934,-0.11257811665227554,0,116.12835221681733
85.143,65.786,2.571253314486026,-0.031003027710218733,0,116.38666713692666
85.24,65.883,2.5972120946872104,-0.04213234517277695,0,116.64783474953492
85.35,65.993,2.629701351796525,0.012627068559394244,0,116.91186776535396
85.442,66.085,2.6577578167699194,0.01927666684410663,0,117.17899265940513
85.532,66.175,2.690192682295878,0.10366024610645613,0,117.35876626871969
85.635,66.278,2.722353184851084,0.13751175647847103,0,117.63206304041637
85.735,66.378,2.7463305571329775,0.1278097851975718,0,117.90864939206301
85.838,66.481,2.769410257185621,0.15061036679595008,0,118.18795964681662
85.931,66.574,2.7851205733482582,0.13838633309512727,0,118.46965450384765
86.037,66.68,2.7582376631802865,-0.17922641314479024,0,118.75320237382937
86.136,66.779,2.751688003575536,-0.029008702161551825,0,119.03545625670317
86.238,66.881,2.7596748739484043,0.13253463772328458,0,119.31635096863938
86.349,66.992,2.718104732009698,-0.18462016293054068,0,119.59756608945196
86.432,67.075,2.633412615486768,-0.688365390274748,0,119.87622577394191
86.543,67.186,2.5609190288899897,-0.4756986016695612,0,120.14770915375104
86.636,67.279,2.5422016040167814,-0.016344184043975418,0,120.41138373488393
86.737,67.38,2.5338052187031153,0.27367158189032903,0,120.67132373951672
86.836,67.479,2.5290697916169536,0.4697395336635259,0,120.93005672608687
86.945,67.588,2.5259406045890174,0.5783373871124888,0,121.18818071060839
87.034,67.677,2.515537220855701,0.53398555484397,0,121.44592936338547
87.137,67.78,2.509152546067725,0.5681368686127009,0,121.70286414187949
87.241,67.884,2.4992004349423786,0.5086351541725251,0,121.95901095301068
87.337,67.98,2.4878973018654866,0.46543698847921294,0,122.12929256905782
87.44,68.083,2.4806311211685754,0.4761948748564996,0,122.46802720168255
87.54,68.183,2.4718626185529438,0.4485078922905945,0,122.63695536412898
87.638,68.281,2.4643136884686907,0.4502624366047591,0,122.88938093033504
87.749,68.392,2.4645743370676056,0.5238548208072071,0,123.22478098651925
87.833,68.476,2.456032199557327,0.4415535698784329,0,123.39236125348687
87.938,68.581,2.4564145988499972,0.5335535960359298,0,123.64316429435765
88.033,68.676,2.451836670012908,0.4881041783441637,0,123.89370250711266
88.161,68.804,2.4552367606798753,0.5591528996720372,0,124.14394243843509
88.255,68.898,2.446321427999634,0.4450226308087898,0,124.39425751391717
88.336,68.979,2.4398973754944557,0.4483671991952108,0,124.6440825767715
88.44,69.083,2.4436589457507405,0.5403523174942229,0,124.89316812673945
88.545,69.188,2.444637653108602,0.5322774866497421,0,125.14229030544675
88.648,69.291,2.4403780166612616,0.49064291232735197,0,125.39160663285895
88.751,69.394,2.4393032281893112,0.5081946935660837,0,125.64066695961553
88.834,69.477,2.433486074657442,0.4473975445063369,0,125.88950940608015
88.935,69.578,2.436321587537927,0.5336715685540077,0,126.05518241288199
89.05,69.693,2.437653434880449,0.5243346836645626,0,126.38642153443791
89.154,69.797,2.43578395576752,0.5001769606327591,0,126.63501357045524
89.239,69.882,2.4284414542183437,0.4262803382082089,0,126.800708346161
89.348,69.991,2.4339378114328167,0.5430716730273416,0,127.13122286280783
89.446,70.089,2.4322965144284976,0.49520499618918556,0,127.29654185949619
89.551,70.194,2.4341042468719642,0.5414031358363773,0,127.6274414886943
89.641,70.284,2.4316239753410223,0.4946856058641779,0,127.79289696923112
89.744,70.387,2.43445643556481,0.5457103456465713,0,128.04100382637355
89.85,70.493,2.4354245371543146,0.529088077486327,0,128.28921872996355
89.938,70.581,2.429286279677704,0.45290494494062405,0,128.53759569689709
90.032,70.675,2.4301560696690183,0.5132065571523662,0,128.78558884943652
90.145,70.788,2.4350051598005944,0.5482349969525563,0,129.03343228308898
90.253,70.896,2.4355239255116086,0.5252122912607315,0,129.281634494871
90.336,70.979,2.4263183644487607,0.411776092858876,0,129.53003689806116
90.434,71.077,2.4291819139779713,0.5255415182036285,0,129.77783191243628
90.533,71.176,2.4309472132755547,0.5215901765209741,0,129.94291714931026
90.656,71.299,2.437139470622835,0.5736075256034756,0,130.27346160196646
90.738,71.381,2.429661177719677,0.4476730925470698,0,130.5218355815771
90.857,71.5,2.4325270915256683,0.5299453490330986,0,130.76991237544502
90.931,71.574,2.4266741954250333,0.41589244416946025,0,130.93522486029127
91.044,71.687,2.4355648756575454,0.5369703158146606,0,131.18294213299905
91.139,71.782,2.43508374118995,0.37830945826382123,0,131.4307626590747
91.252,71.895,2.4430150294639295,0.2202328022470622,0,131.7619475439768
91.33,71.973,2.443632843850069,0.0044631447632889065,0,131.92780213729296
91.429,72.072,2.467796303886581,0.15138279520863857,0,132.17703148731337
91.545,72.188,2.5104875086948546,0.24741677626971587,0,132.42792496720023
91.634,72.277,2.536019424742979,0.23184007787421435,0,132.6825425959962
91.744,72.387,2.591323893594151,0.42548215196260575,0,132.94034779387567
91.837,72.48,2.6267327957326283,0.30137277382587935,0,133.20278071916283
91.928,72.571,2.666695839126048,0.34525310084397304,0,133.46950201181733
92.047,72.69,2.7205123117090926,0.4714624005304151,0,133.74014481193248
92.133,72.776,2.7387405260149587,0.3637886845265807,0,134.0158048063133
92.248,72.891,2.7622593047332185,0.46767925830149526,0,134.2945344030576
92.336,72.979,2.765345941093202,0.4225887106929126,0,134.5754826410585
92.44,73.083,2.4800000000000004,-1.1700000000000002,0,134.8574403743285
92.534,73.177,2.4800000000000004,-1.1700000000000002,0,135.0357757679253
92.652,73.295,2.4800000000000004,-1.1700000000000002,0,135.3730335294872
92.736,73.379,2.4800000000000004,-1.1700000000000002,0,135.54166241026635
92.842,73.485,2.4800000000000004,-1.1700000000000002,0,135.79460573143504
92.935,73.578,2.4800000000000004,-1.1700000000000002,0,136.04754905260376
93.055,73.69800000000001,2.4800000000000004,-1.1700000000000002,0,136.30049237377247
93.136,73.779,2.4800000000000004,-1.1700000000000002,0,136.55343569494121
93.239,73.882,2.4800000000000004,-1.1700000000000002,0,136.80637901610993
93.338,73.981,2.4800000000000004,-1.1700000000000002,0,137.05932233727864
93.434,74.077,2.4800000000000004,-1.1700000000000002,0,137.31226565844736
93.546,74.18900000000001,2.4800000000000004,-1.1700000000000002,0,137.56520897961607
93.644,74.287,2.4800000000000004,-1.1700000000000002,0,137.81815230078482
93.732,74.375,2.4800000000000004,-1.1700000000000002,0,138.07109562195353
93.831,74.474,1.775309500222739,-1.0471975511965976,0,138.23972450273268
93.938,74.581,1.7877458750953115,-0.68632279536233,0,138.50511094737686
94.037,74.68,1.808104778806663,-0.558419068659328,0,138.68703224341334
94.147,74.79,1.8379819744354715,-0.4619578609322771,0,138.8707635022395
94.239,74.882,1.8670336443228424,-0.3913862580385451,0,138.99472888607102
94.35,74.993,1.9152737145140846,-0.2171849716801596,0,139.24666772655706
94.433,75.07600000000001,1.9508770501164263,-0.21367491402670613,0,139.37526556035567
94.538,75.181,2.01371814182198,0.008238326942189844,0,139.5730440662451
94.647,75.29,2.071759702243728,0.02085582554889926,0,139.77630657314688
94.734,75.377,2.1196919041871722,0.09220460415909179,0,139.98565264641323
94.837,75.48,2.191785090923185,0.3199978958310969,0,140.20023146513853
94.932,75.575,2.4800000000000004,-1.1700000000000002,0,140.42134161130957
95.051,75.694,2.4800000000000004,-1.1700000000000002,0,140.66449081756656
95.135,75.778,2.4800000000000004,-1.1700000000000002,0,140.91743413873527
95.238,75.881,2.4800000000000004,-1.1700000000000002,0,141.170377459904
95.339,75.982,2.4800000000000004,-1.1700000000000002,0,141.4233207810727
95.458,76.101,2.4800000000000004,-1.1700000000000002,0,141.67626410224142
95.53,76.173,2.4800000000000004,-1.1700000000000002,0,141.84489298302043
95.649,76.292,2.7175107125928184,-1.0471975511965976,0,142.18215074457868
95.742,76.385,2.792363989540221,0.5233267871979975,0,142.35885566881683
95.847,76.49,2.676111640172713,-1.0471975511965976,0,142.7335148829199
95.952,76.595,2.559079448775227,-1.0471975511965976,0,143.0104199856152
96.033,76.676,2.5232205540000376,-0.6750928733407149,0,143.18840708079145
96.13,76.773,2.4769252177533287,-0.7395247360690822,0,143.4469864173064
96.251,76.894,2.4479711709655088,-0.44591753964305125,0,143.7854137497029
96.334,76.977,2.450887327897001,-0.10732874114037969,0,143.95285721126578
96.459,77.102,2.4468813830210023,-0.05289118800106618,0,144.2860778024616
96.547,77.19,2.445794027388568,0.061555091686754215,0,144.45260188108452
96.655,77.298,2.442455006950498,0.1338465780086086,0,144.70210980025277
96.751,77.394,2.4360199249630936,0.182672927832294,0,144.95135357901032
96.866,77.509,2.4240263100355004,0.2298369513867839,0,145.28287061036025
96.956,77.599,2.4100126443471868,0.2661545857106241,0,145.44811183942403
97.057,77.7,2.3879833100805654,0.2602670281674969,0,145.6944088247611
97.163,77.806,2.359065722196114,0.24944369024923185,0,145.93873131020587
97.238,77.881,2.332365513818668,0.26607033780041367,0,146.18033846603012
97.343,77.986,2.290380613186563,0.20615402793336646,0,146.41914677418256
97.455,78.098,2.2494649423948694,0.2585432319272468,0,146.65419249398073
97.542,78.185,2.224810989080676,0.4025212245638884,0,146.88502839886777
97.642,78.285,2.2263454158981664,0.7135283406488628,0,147.11279592711978
97.77,78.413,2.307185070756253,1.0471975511965976,0,147.33982668605228
97.871,78.514,2.470916925880032,1.0471975511965976,0,147.57240087177493
97.941,78.584,2.7266948350498437,1.0471975511965976,0,147.73484775868195
98.04,78.683,2.3874821831527755,-1.0471975511965976,0,148.00425995170858
98.137,78.78,2.6319422752757187,1.0471975511965976,0,148.25930289237704
98.246,78.889,2.9384534676725056,1.0471975511965976,0,148.51943562025465
98.256,78.899,0.0,1.0471975511965976,1,148.51943562025465
98.638,79.281,3.1,1.3,0,148.60891693105987
98.75,79.393,2.7889013430657315,1.0471975511965976,0,148.81969977183095
98.86,79.503,2.795670313688863,0.7280386270350476,0,149.11472646635843
98.955,79.598,2.8657866416233984,0.9777802599818486,0,149.39964483120335
99.035,79.678,2.7844664820419176,-0.7348477836445906,0,149.68955971281397
99.154,79.797,2.8193710830437855,0.10006000076901761,0,149.97633076753706
99.236,79.879,2.3694169876093314,-1.0471975511965976,0,150.16685873600028
99.357,80.0,2.0887904465911844,-1.0471975511965976,0,150.5043850736209
99.439,80.082,2.132134129039521,-0.021140078107510618,0,150.6559561199266
99.542,80.185,2.219982819586674,0.34807758520395915,0,150.87195636142502
99.637,80.28,2.286768371045763,0.48678265986757846,0,151.09540687087988
99.735,80.378,2.350527208258988,0.47556184048582273,0,151.32638432056237
99.842,80.485,2.410579740544091,0.3462550780944904,0,151.5639676666562
99.952,80.595,2.456894654537291,0.13036450572791214,0,151.80780319676558
100.041,80.684,2.4975630115044383,0.055198020296756925,0,152.05683113423348
100.134,80.777,2.5430795028030664,0.13019909022235138,0,152.3101997438071
100.237,80.88,2.59713710690319,0.21328766689830242,0,152.5680461385664
100.335,80.978,2.63571297032745,0.19459036760605442,0,152.8311157071923
100.434,81.077,2.6763802213911108,0.27035376496984737,0,153.09864633026953
100.56,81.203,2.7153452305890946,0.2980065662099226,0,153.37025362198364
100.644,81.287,2.7312103692298324,0.2461230284468098,0,153.64589291483233
100.747,81.39,2.749095307038284,0.3348828953487483,0,153.92393602079994
100.866,81.509,2.4800000000000004,-1.1700000000000002,0,154.20373437332344
100.963,81.606,2.4800000000000004,-1.1700000000000002,0,154.46583198960184
101.054,81.697,2.4800000000000004,-1.1700000000000002,0,154.71877531076998
101.128,81.771,2.4800000000000004,-1.1700000000000002,0,154.8874041915491
101.242,81.885,2.4800000000000004,-1.1700000000000002,0,155.14034751271782
101.356,81.999,2.4800000000000004,-1.1700000000000002,0,155.47760527427613
101.451,82.094,2.4800000000000004,-1.1700000000000002,0,155.73054859544482
101.54,82.183,2.4800000000000004,-1.1700000000000002,0,155.89917747622385
101.653,82.296,2.4800000000000004,-1.1700000000000002,0,156.15212079739254
101.737,82.38,2.4800000000000004,-1.1700000000000002,0,156.40506411856126
101.839,82.482,2.4800000000000004,-1.1700000000000002,0,156.65800743972997
101.955,82.598,2.4800000000000004,-1.1700000000000002,0,156.9109507608987
102.035,82.678,2.4800000000000004,-1.1700000000000002,0,157.1638940820674
102.162,82.805,2.4800000000000004,-1.1700000000000002,0,157.4168374032361
102.247,82.89,2.4800000000000004,-1.1700000000000002,0,157.6697807244048
102.363,83.006,1.8753877746784315,-1.0471975511965976,0,157.92272404557352
102.443,83.086,1.9057713864535897,-0.33234563985469223,0,158.13455811867638
102.54,83.183,1.9570648833490563,-0.10022229808356449,0,158.3279096997592
102.632,83.275,2.001146032556307,-0.05802485342610494,0,158.45924575592713
102.735,83.378,2.061942391519513,0.09123498271237333,0,158.6618638377866
102.842,83.485,2.1164462828697057,0.118816584725011,0,158.94022083129644
102.954,83.597,2.4800000000000004,-1.1700000000000002,0,159.1542450937377
103.053,83.696,2.4800000000000004,-1.1700000000000002,0,159.3948330991373
103.164,83.807,2.4800000000000004,-1.1700000000000002,0,159.647776420306
103.237,83.88,2.4800000000000004,-1.1700000000000002,0,159.81640530108515
103.342,83.985,2.4800000000000004,-1.1700000000000002,0,160.06934862225387
103.451,84.094,2.4800000000000004,-1.1700000000000002,0,160.32229194342258
103.553,84.196,2.4800000000000004,-1.1700000000000002,0,160.57523526459116
103.651,84.294,2.4800000000000004,-1.1700000000000002,0,160.82817858575987
103.746,84.389,2.7042218601566783,-1.0471975511965976,0,161.0811219069286
103.843,84.486,2.610774359512893,-0.7105808824724824,0,161.34931372079564
103.934,84.577,2.565145475446887,-0.5404137880806279,0,161.61878074622177
104.052,84.69500000000001,2.5124843032848734,-0.7259360071076852,0,161.88197235410104
104.144,84.787,2.490130840612279,-0.5221117844188794,0,162.14003066926296
104.244,84.887,2.4834591723738595,-0.39483484214378844,0,162.39477964094138
104.346,84.989,2.483863503244357,-0.32903157147189094,0,162.64831693335816
104.442,85.085,2.493024621545087,-0.23901446783898256,0,162.8172048298117
104.557,85.2,2.5107404386865535,-0.18186112623206913,0,163.15594356001577
104.641,85.284,2.5280278816794866,-0.1065808245325151,0,163.32607120272982
104.748,85.391,2.5531592677218735,0.023763710250990194,0,163.58334204339153
104.834,85.477,2.5751982155469233,0.09404263935185939,0,163.8429097696612
104.958,85.601,2.603639625896087,0.1576577638529858,0,164.19238728827864
105.035,85.678,2.613718082886933,0.10537966848458646,0,164.3684676314965
105.148,85.791,2.633526852593835,0.19308693037033217,0,164.63472400719863
105.246,85.889,2.5935979972404035,-0.30553453288854837,0,164.90266987870595
105.34,85.983,2.5977540901860454,0.10788868116022163,0,165.16857350154183
105.464,86.107,2.6095196424709077,0.21446344191016783,0,165.52172620536732
105.575,86.218,2.672702156375297,0.7473675929115133,0,165.7874967373209
105.649,86.292,2.4800000000000004,-1.1700000000000002,0,165.96708963702125
105.743,86.386,2.4800000000000004,-1.1700000000000002,0,166.22658794628205
105.837,86.48,2.4800000000000004,-1.1700000000000002,0,166.3952168270589
105.967,86.61,2.4800000000000004,-1.1700000000000002,0,166.73247458861715
106.048,86.691,2.8828092040430584,-0.8835795899146055,0,166.98541790978587
106.141,86.784,3.0569107631767545,1.0471975511965976,0,167.26575600437056
106.151,86.794,0.0,1.0471975511965976,1,167.26575600437056
106.555,87.19800000000001,3.1,1.3,0,167.36376783163544
106.568,87.211,0.0,1.3,0,167.36376783163544
106.954,87.597,3.1,1.3,0,167.36376783163558
107.044,87.687,3.0785545188734718,1.0471975511965976,0,167.57455067241546
107.149,87.792,2.993644974248276,1.0471975511965976,0,167.88927274252794
107.233,87.876,2.8692194308954235,0.6875977997465947,0,168.197495173057
107.349,87.992,2.682586983832942,-0.37211941326099995,0,168.49437620399203
107.453,88.096,2.545513279012267,-1.0471975511965976,0,168.77434214116022
107.538,88.181,2.486590225950995,-0.8105760290845792,0,169.03863525024562
107.642,88.285,2.5268895539677683,0.330360017786968,0,169.29426091441857
107.742,88.385,2.638291280925685,1.0471975511965976,0,169.46471609964522
107.75,88.393,0.0,1.0471975511965976,1,169.5506298927922
108.133,88.776,3.1,1.3,0,169.6403270583805
108.234,88.877,3.041494997649042,1.0471975511965976,0,169.85110989914992
108.364,89.007,3.0444661765588195,0.29073342682922565,0,170.26671742259708
108.463,89.106,3.0227146279062453,0.1883328528842777,0,170.57714564730625
108.537,89.18,2.9903038322640474,0.14286390795275544,0,170.78342919752177
108.653,89.296,2.4800000000000004,-1.1700000000000002,0,171.08954177979615
108.733,89.376,2.4800000000000004,-1.1700000000000002,0,171.35984089088228
108.833,89.476,2.4800000000000004,-1.1700000000000002,0,171.612784212051
108.937,89.58,2.4800000000000004,-1.1700000000000002,0,171.8657275332197
109.044,89.687,2.4800000000000004,-1.1700000000000002,0,172.1186708543884
109.144,89.787,2.4800000000000004,-1.1700000000000002,0,172.3716141755571
109.238,89.881,2.4800000000000004,-1.1700000000000002,0,172.6245574967258
109.339,89.982,2.4800000000000004,-1.1700000000000002,0,172.79318637750495
109.458,90.101,2.4800000000000004,-1.1700000000000002,0,173.13044413906323
109.542,90.185,2.6488373753597005,-1.0471975511965976,0,173.29907301984235
109.65,90.293,2.6584594394919114,0.21995908337508185,0,173.65355460140574
109.737,90.38,2.697291380678161,0.4947083258128942,0,173.83399772538186
109.852,90.495,2.4800000000000004,-1.1700000000000002,0,174.19950561310333
109.95,90.593,2.4800000000000004,-1.1700000000000002,0,174.45984131971676
110.051,90.694,2.4800000000000004,-1.1700000000000002,0,174.62847020049412
110.128,90.771,2.640449661871283,-1.0471975511965976,0,174.88141352166284
110.246,90.889,2.5794108833883405,-0.5428836558629255,0,175.1452690551088
110.337,90.98,2.5923575999254855,-0.07921986553264171,0,175.41043705167368
110.447,91.09,2.556927869215119,-0.36477095247282704,0,175.67441604008604
110.538,91.181,2.5371758896497743,-0.18262534985525708,0,175.93642615245787
110.641,91.284,2.47612198702675,-0.4656650556541908,0,176.19588882602577
110.757,91.4,2.406346544471469,-0.46161765227276413,0,176.45052720403342
110.862,91.505,2.349949338303899,-0.34764547959164915,0,176.69834435766572
110.948,91.591,2.2920014691437878,-0.330214991762003,0,176.93995492507017
111.042,91.685,2.2376090147090135,-0.16731779655705414,0,177.17570801863718
111.147,91.79,2.2099573838468056,0.27246306770818607,0,177.40579286698295
111.237,91.88,2.196481745838977,0.5646900040581646,0,177.55700975318166
111.351,91.994,2.2668633906611126,1.0471975511965976,0,177.85618573238884
111.437,92.08,2.3486883134233287,1.0471975511965976,0,178.0079342489113
111.552,92.19500000000001,2.487559088936801,1.0471975511965976,0,178.3245570871163
111.646,92.289,2.5666352425791255,1.0471975511965976,0,178.48898081339536
111.749,92.392,2.653375584911724,1.0471975511965976,0,178.74807533270112
111.849,92.492,2.7051936611044334,1.0471975511965976,0,179.01575633094282
111.94,92.583,2.7214291399280297,0.8719386204594406,0,179.2899097881112
112.041,92.684,2.718592707337916,0.14026996981354672,0,179.5669319190254
112.137,92.78,2.697182943829334,-0.3127623088311064,0,179.84432125015385
112.268,92.911,2.6838832757053734,-0.29952406042117635,0,180.21186467841002
112.362,93.005,2.690768190279967,-0.15282093000507543,0,180.3948201033595
112.458,93.101,2.7023512295134746,-0.1103178835844771,0,180.6690437713556
112.537,93.18,2.713872014200496,-0.07803540530070009,0,180.94428956263104
112.661,93.304,2.735644494816376,0.05324838986047585,0,181.2207126932415
112.758,93.401,2.7501113257866994,0.07754413564354083,0,181.49900811472898
112.857,93.5,2.764381999155628,0.08387004248531471,0,181.77902753066738
112.938,93.581,2.772856433862208,0.03233199720815466,0,181.96652024467292
113.046,93.68900000000001,2.785847458398736,0.06178102546579217,0,182.34334054258036
113.167,93.81,2.796490921800952,0.0359036934118,0,182.6270552487532
113.264,93.907,2.8005028880699583,0.012527910347245458,0,182.9119354156245
113.341,93.984,2.8053822244047573,-0.0050779276593882205,0,183.1022331984195
113.447,94.09,2.8145504789661198,-0.05980776518246338,0,183.3882162867403
113.539,94.182,2.8213717402345564,-0.07195291003184058,0,183.67498868166945
113.66,94.303,2.8347594838474808,0.030880753593123297,0,184.05846322697164
113.762,94.405,2.846906061983666,0.06332380439932933,0,184.3471534780878
113.834,94.477,2.853756745726835,0.06506568406868563,0,184.5403300834039
113.937,94.58,2.8654386852101523,0.08655125708390818,0,184.83118028977464
114.053,94.696,2.872199974226793,0.032791499976817975,0,185.12305775945134
114.149,94.792,2.873722812702472,0.03781378217390116,0,185.41579222754635
114.235,94.878,2.8761084550297435,0.04236325290617379,0,185.70886015923674
114.351,94.994,2.8788739479089847,0.013384878278478507,0,186.00214208599525
114.46,95.103,2.8789568361823767,0.03657630924208008,0,186.2956931916009
114.555,95.19800000000001,2.8787188016491614,0.018254446826169154,0,186.58934395704978
114.638,95.281,2.877354023727879,0.013382717457941867,0,186.78510492073704
114.748,95.391,2.8760307517710384,0.0378314112860728,0,187.1764714660689
114.837,95.48,2.8171698150658786,-0.4661794420582799,0,187.37208654073052
114.94,95.583,2.8003482107960935,-0.2763612324223364,0,187.66143712152694
115.032,95.675,2.8306177767109553,0.11898203575158456,0,187.9476428702407
115.151,95.794,2.7531778441030035,-0.7054033075042274,0,188.2353362365355
115.243,95.886,2.631684237245592,-1.0471975511965976,0,188.51878878148955
115.354,95.997,2.524209442845128,-1.0345307653636384,0,188.79133966028343
115.442,96.085,2.4822935509575275,0.007087307699063072,0,189.05244959181036
115.535,96.178,2.4300653134464336,0.7394291959671431,0,189.3070642496081
115.63,96.273,2.3700782080835046,0.4044389901279808,0,189.55670231955682
115.638,96.281,0.0,0.4044389901279808,1,189.55670231955682
116.053,96.696,3.1,-1.3,0,189.63932236442503
116.062,96.705,0.0,-1.3,0,189.63932236442503
116.446,97.089,3.1,1.3,0,189.63932236442506
116.455,97.098,0.0,1.3,0,189.63932236442506
116.843,97.486,3.1,-1.3,0,189.63932236442508
116.852,97.495,0.0,-1.3,0,189.63932236442508
117.237,97.88,3.1,1.3,0,189.6393223644251
117.249,97.892,0.0,1.3,0,189.6393223644251
117.655,98.298,3.1,-1.3,0,189.63932236442517
117.665,98.308,0.0,-1.3,0,189.63932236442517
118.038,98.681,3.1,1.3,0,189.6393223644253
118.052,98.69500000000001,0.0,1.3,0,189.6393223644253
118.437,99.08,3.1,-1.3,0,189.74471378482826
118.443,99.086,0.0,-1.3,0,189.74471378482826
118.742,99.385,3.1,1.3,0,189.7447137848283
118.756,99.399,0.0,1.3,0,189.7447137848283
119.138,99.781,3.1,-1.3,0,189.74471378482838
119.156,99.799,0.0,-1.3,0,189.74471378482838
119.543,100.186,3.1,1.3,0,189.74471378482843
119.552,100.19500000000001,0.0,1.3,0,189.74471378482843
119.939,100.582,3.1,-1.3,0,189.7447137848285
119.944,100.587,0.0,-1.3,0,189.7447137848285
120.328,100.971,3.1,1.3,0,189.74471378482855
120.346,100.989,0.0,1.3,0,189.74471378482855
120.741,101.384,3.1,-1.3,0,189.74471378482866
120.748,101.391,0.0,-1.3,0,189.74471378482866
121.057,101.7,3.1,1.3,0,189.74471378482872
121.062,101.705,0.0,1.3,0,189.74471378482872
121.437,102.08,3.1,1.3,0,189.74471378482878
121.547,102.19,2.4800000000000004,-1.1700000000000002,0,190.0608880459993
121.639,102.282,2.9138966191993467,-1.0471975511965976,0,190.25059390676034
121.745,102.388,2.8009278745982473,-0.5924482353809772,0,190.53304285109704
121.833,102.476,2.4800000000000004,-1.1700000000000002,0,190.82256997843928
121.931,102.574,6.2,-0.7820841659303297,0,191.08642879690933
121.943,102.586,0.0,-0.7820841659303297,1,191.08642879690933
122.339,102.982,3.1,-1.3,0,191.1707432374335
122.348,102.991,0.0,-1.3,0,191.1707432374335
122.729,103.372,3.1,1.3,0,191.17074323743395
122.747,103.39,0.0,1.3,0,191.17074323743398
123.138,103.781,3.1,1.3,0,191.2761346578358
123.145,103.788,0.0,1.3,0,191.2761346578358
123.542,104.185,3.1,1.3,0,191.3815260782389
123.636,104.279,2.9604183525561236,-0.5692708996637033,0,191.59230891901709
123.729,104.372,2.851233733544907,-0.7195035748629293,0,191.89900564494195
123.846,104.489,2.7634135784839,0.13320825968697458,0,192.19353735694483
123.941,104.584,2.718452595004216,0.16756719311401647,0,192.47838884918266
124.034,104.677,2.662171798317169,-0.24277398438655806,0,192.75719935682983
124.175,104.818,2.5692077576044157,-0.1918846901432153,0,193.12116737238242
124.252,104.895,2.5533982146053864,0.31190493722201007,0,193.2990338652997
124.256,104.899,0.0,-0.1918846901432153,1,193.2990338652997
124.625,105.268,3.1,-1.3,0,193.3863867742282
124.644,105.287,0.0,-1.3,0,193.3863867742282
124.947,105.59,3.1,-1.3,0,193.49177819462975
125.055,105.69800000000001,2.652356464703693,0.9346835248711163,0,193.80795245578906
125.148,105.791,2.7621516259619745,1.0471975511965976,0,194.09369652617008
125.246,105.889,2.8744404217165314,1.0471975511965976,0,194.27778104589942
125.335,105.978,2.9329893635139035,1.0471975511965976,0,194.56714086493088
125.442,106.085,2.9784373198048457,1.0471975511965976,0,194.86429941910987
125.537,106.18,2.9687427012489014,0.31159067985267475,0,195.16653882995092
125.641,106.284,2.9369777073963514,0.20707121851190785,0,195.46967390937152
125.76,106.403,2.9058563787899567,0.28315417001512944,0,195.7703247606344
125.836,106.479,2.4800000000000004,-1.1700000000000002,0,196.06777926693724
125.939,106.582,2.4800000000000004,-1.1700000000000002,0,196.33520688301246
126.029,106.672,2.4800000000000004,-1.1700000000000002,0,196.5038357637916
126.137,106.78,2.4800000000000004,-1.1700000000000002,0,196.84109352534986
126.245,106.888,2.4800000000000004,-1.1700000000000002,0,197.09403684651858
126.335,106.978,2.4800000000000004,-1.1700000000000002,0,197.2626657272977
126.428,107.071,2.4800000000000004,-1.1700000000000002,0,197.51560904846642
126.54,107.183,2.4800000000000004,-1.1700000000000002,0,197.85286681002472
126.645,107.288,2.4800000000000004,-1.1700000000000002,0,198.1058101311934
126.727,107.37,2.4800000000000004,-1.1700000000000002,0,198.27443901197256
126.856,107.499,2.4800000000000004,-1.1700000000000002,0,198.61169677353087
126.943,107.586,2.4800000000000004,-1.1700000000000002,0,198.78032565431
127.045,107.688,2.4800000000000004,-1.1700000000000002,0,199.0332689754787
127.154,107.797,1.86781301791487,-1.0471975511965976,0,199.2862122966474
127.238,107.881,1.8789222150474834,-0.6051514844003753,0,199.49753131349752
127.356,107.999,1.863626079410979,-0.9265351760304409,0,199.6887980585857
127.436,108.07900000000001,1.8662036201810874,-0.7262587882256505,0,199.8794016203286
127.55,108.193,1.8544275731754212,-0.8932883253114751,0,200.06966090908247
127.641,108.284,1.896111104492997,-0.23247907951605373,0,200.25920644835983
127.757,108.4,1.9391799198597335,-0.2547213075536128,0,200.451189781847
127.837,108.48,1.9693770906489552,-0.28438554614527617,0,200.64752121390006
127.948,108.591,1.9146356291506723,-1.0471975511965976,0,200.84737024549017
128.042,108.685,1.9458768082448676,-0.34277359856797723,0,201.04451715150935
128.133,108.77600000000001,1.959789317942409,-0.3696575967387668,0,201.17577076143743
128.239,108.882,2.005883304606169,0.3246153027329715,0,201.37519499486802
128.334,108.977,2.080505719503828,0.8579737262684537,0,201.57822676539266
128.437,109.08000000000001,2.187949111195191,1.0471975511965976,0,201.78789582426987
128.527,109.16999999999999,2.300460431877013,1.0471975511965976,0,202.0074031915307
128.647,109.28999999999999,2.4800000000000004,-1.1700000000000002,0,202.2382125785748
128.731,109.374,2.4800000000000004,-1.1700000000000002,0,202.4850529826418
128.854,109.49700000000001,2.4800000000000004,-1.1700000000000002,0,202.7379963038094
128.95,109.59299999999999,2.4800000000000004,-1.1700000000000002,0,202.990939624977
129.041,109.684,2.4800000000000004,-1.1700000000000002,0,203.24388294614457
129.046,109.689,0.0,-1.1700000000000002,1,203.24388294614457
129.366,110.00900000000001,3.1,1.3,0,203.3281973866651
129.38,110.023,0.0,1.3,0,203.3281973866651
129.753,110.39599999999999,3.1,1.3,0,203.32819738666555
129.757,110.4,0.0,1.3,0,203.32819738666555
130.065,110.708,3.1,1.3,0,203.32819738666564
130.135,110.77799999999999,2.8101023016527775,1.0471975511965976,0,203.433588807057
130.249,110.892,2.8565147882141324,0.5282240380738656,0,203.73005709062596
130.346,110.989,2.863257123134367,-0.0664065703813517,0,204.01983591713858
130.445,111.088,2.8059544855766947,-0.6127123919757117,0,204.31165755748077
130.552,111.195,2.7628241961036073,-0.4725874756695049,0,204.59980973361175
130.646,111.28899999999999,2.7576046009031128,-0.21886770794619836,0,204.88308048514781
130.744,111.387,2.7547284783868915,-0.2006159344183871,0,205.1645321773267
130.85,111.493,2.7551581764992688,-0.1735631767005483,0,205.44561169065105
130.939,111.582,2.761273442190124,-0.12374085364982865,0,205.72662276133732
131.042,111.685,2.7724064211559947,-0.08313728016249426,0,206.0080644588314
131.141,111.78399999999999,2.785341303994823,-0.035248878270343245,0,206.29047126032603
131.241,111.88400000000001,2.800296314461382,0.0388154018925012,0,206.57413624442432
131.358,112.001,2.817291407851288,0.07243095932741914,0,206.8592579784796
131.441,112.084,2.8256526987591872,0.06011484365741561,0,207.146043813408
131.539,112.18199999999999,2.9945641309980036,1.0471975511965976,0,207.4339760469628
131.638,112.281,2.842647614947881,-1.0083641808616184,0,207.6318580244602
131.768,112.411,2.8283749279642323,0.026253977350051,0,208.02360368322087
131.843,112.48599999999999,2.8644956840067275,0.5389351085120109,0,208.21641371292756
131.94,112.583,2.885905841865164,0.4339956365034716,0,208.5073614385643
132.041,112.684,2.8803450310242154,0.3013306281769895,0,208.80099274600144
132.133,112.77600000000001,2.86334408058513,0.2685158880667697,0,209.09497525976
132.241,112.88400000000001,2.837237154727171,0.28241359808983796,0,209.38761328361701
132.358,113.001,2.4800000000000004,-1.1700000000000002,0,209.67789802942806
132.463,113.106,2.4800000000000004,-1.1700000000000002,0,209.94299260283915
132.538,113.18100000000001,2.4800000000000004,-1.1700000000000002,0,210.19593592400673
132.641,113.28399999999999,2.4800000000000004,-1.1700000000000002,0,210.4488792451743
132.751,113.394,2.4800000000000004,-1.1700000000000002,0,210.7018225663419
132.846,113.489,2.4800000000000004,-1.1700000000000002,0,210.95476588750947
132.955,113.59800000000001,2.4800000000000004,-1.1700000000000002,0,211.20770920867704
133.031,113.674,2.4800000000000004,-1.1700000000000002,0,211.37633808945543
133.136,113.779,2.4800000000000004,-1.1700000000000002,0,211.7135958510122
133.225,113.868,2.4800000000000004,-1.1700000000000002,0,211.8822247317906
133.336,113.97900000000001,2.4800000000000004,-1.1700000000000002,0,212.13516805295816
133.435,114.078,2.4800000000000004,-1.1700000000000002,0,212.38811137412574
133.532,114.17500000000001,2.4800000000000004,-1.1700000000000002,0,212.64105469529332
133.645,114.28800000000001,1.7556980472447494,-1.0471975511965976,0,212.8939980164609
133.744,114.387,1.756784423624247,-0.8386635508929384,0,213.09769361800466
133.834,114.477,1.7577928838281707,-0.8370632717009865,0,213.27684149218553
133.929,114.572,1.7662111175884014,-0.7350719304002691,0,213.4560960210285
134.059,114.702,1.7887418277633125,-0.5974667845686469,0,213.63595819221462
134.138,114.781,1.8104297538042267,-0.5110958947928042,0,213.8176401601534
134.244,114.887,1.8496784367105918,-0.33073581175505873,0,214.001564010801
134.345,114.988,1.889379524428621,-0.27520112726770435,0,214.18889531883315
134.447,115.09,1.9357721586711885,-0.16776326272270892,0,214.38026139319686
134.552,115.195,1.9948378536671938,-0.0702025916503104,0,214.57613239091003
134.649,115.292,2.040256580024486,-0.0834310335378774,0,214.77759749680214
134.759,115.40199999999999,2.115145656185411,0.1149203739180521,0,214.98415936852186
134.841,115.48400000000001,2.1594043904119804,0.005983933282085241,0,215.19735788197661
134.959,115.602,2.2447266283220344,0.27144793386198846,0,215.4161122866981
135.038,115.68100000000001,2.2932015851443186,0.11796099991258774,0,215.56585247024043
